name,confidence,timestamp
PILLAI,0.51,2025-06-30 12:50:31
PILLAI,0.55,2025-06-30 12:50:33
Unknown,0.42,2025-06-30 12:50:34
PILLAI,0.59,2025-06-30 12:50:36
PILLAI,0.64,2025-06-30 12:50:37
PILLAI,0.64,2025-06-30 12:50:38
PILLAI,0.62,2025-06-30 12:50:39
PILLAI,0.62,2025-06-30 12:50:39
PILLAI,0.61,2025-06-30 12:50:41
PILLAI,0.65,2025-06-30 12:50:43
PILLAI,0.63,2025-06-30 12:50:44
PILLAI,0.59,2025-06-30 12:50:46
PILLAI,0.55,2025-06-30 12:50:47
PILLAI,0.53,2025-06-30 12:50:48
Unknown,0.47,2025-06-30 12:50:50
Unknown,0.49,2025-06-30 12:50:51
Unknown,0.48,2025-06-30 12:50:53
Unknown,0.47,2025-06-30 12:50:54
Unknown,0.45,2025-06-30 12:50:56
Unknown,0.48,2025-06-30 12:50:57
Unknown,0.47,2025-06-30 12:50:59
Unknown,0.45,2025-06-30 12:51:00
Unknown,0.48,2025-06-30 12:51:02
PILLAI,0.52,2025-06-30 12:51:04
PILLAI,0.52,2025-06-30 12:51:05
PILLAI,0.52,2025-06-30 12:51:07
Unknown,0.48,2025-06-30 12:51:08
Unknown,0.46,2025-06-30 12:51:10
PILLAI,0.54,2025-06-30 12:51:11
PILLAI,0.55,2025-06-30 12:51:12
PILLAI,0.58,2025-06-30 12:51:13
PILLAI,0.55,2025-06-30 12:51:13
PILLAI,0.58,2025-06-30 12:51:15
PILLAI,0.58,2025-06-30 12:51:16
PILLAI,0.56,2025-06-30 12:51:18
PILLAI,0.58,2025-06-30 12:51:19
PILLAI,0.55,2025-06-30 12:51:20
PILLAI,0.56,2025-06-30 12:51:24
PILLAI,0.61,2025-06-30 12:51:27
PILLAI,0.56,2025-06-30 12:51:29
PILLAI,0.54,2025-06-30 12:51:30
Unknown,0.50,2025-06-30 12:51:31
PILLAI,0.53,2025-06-30 12:51:32
PILLAI,0.58,2025-06-30 12:51:34
PILLAI,0.59,2025-06-30 12:51:35
PILLAI,0.57,2025-06-30 12:51:37
PILLAI,0.55,2025-06-30 12:51:38
PILLAI,0.55,2025-06-30 12:51:39
PILLAI,0.57,2025-06-30 12:51:39
PILLAI,0.56,2025-06-30 12:51:40
PILLAI,0.60,2025-06-30 12:51:47
PILLAI,0.57,2025-06-30 12:51:50
PILLAI,0.55,2025-06-30 12:51:51
PILLAI,0.56,2025-06-30 12:51:53
SAFWAN,0.63,2025-06-30 12:51:55
PILLAI,0.56,2025-06-30 12:51:55
SAFWAN,0.61,2025-06-30 12:51:56
SAFWAN,0.65,2025-06-30 12:51:56
SAFWAN,0.63,2025-06-30 12:51:59
PILLAI,0.57,2025-06-30 12:51:59
PILLAI,0.61,2025-06-30 12:52:00
PILLAI,0.60,2025-06-30 12:52:01
PILLAI,0.59,2025-06-30 12:52:02
PILLAI,0.55,2025-06-30 12:52:03
PILLAI,0.60,2025-06-30 12:52:04
SAFWAN,0.53,2025-06-30 12:52:11
SAFWAN,0.59,2025-06-30 12:52:14
SAFWAN,0.57,2025-06-30 12:52:16
PILLAI,0.51,2025-06-30 12:52:17
Unknown,0.46,2025-06-30 12:52:18
Unknown,0.50,2025-06-30 12:52:18
Unknown,0.47,2025-06-30 12:52:20
Unknown,0.47,2025-06-30 12:52:21
SAFWAN,0.58,2025-06-30 12:52:24
Unknown,0.44,2025-06-30 12:52:24
SAFWAN,0.55,2025-06-30 12:52:26
Unknown,0.44,2025-06-30 12:52:26
PILLAI,0.54,2025-06-30 12:52:27
PILLAI,0.55,2025-06-30 12:52:29
SAFWAN,0.60,2025-06-30 12:52:31
PILLAI,0.56,2025-06-30 12:52:31
SAFWAN,0.61,2025-06-30 12:52:33
PILLAI,0.55,2025-06-30 12:52:33
SAFWAN,0.60,2025-06-30 12:52:36
PILLAI,0.56,2025-06-30 12:52:36
SAFWAN,0.56,2025-06-30 12:52:38
Unknown,0.49,2025-06-30 12:52:38
SAFWAN,0.58,2025-06-30 12:52:40
Unknown,0.45,2025-06-30 12:52:40
SAFWAN,0.60,2025-06-30 12:52:43
PILLAI,0.57,2025-06-30 12:52:43
SAFWAN,0.57,2025-06-30 12:52:44
PILLAI,0.71,2025-06-30 12:52:44
SAFWAN,0.57,2025-06-30 12:52:45
PILLAI,0.65,2025-06-30 12:52:45
SAFWAN,0.56,2025-06-30 12:52:48
PILLAI,0.62,2025-06-30 12:52:48
SAFWAN,0.60,2025-06-30 12:52:50
PILLAI,0.62,2025-06-30 12:52:50
SAFWAN,0.56,2025-06-30 12:52:53
PILLAI,0.60,2025-06-30 12:52:53
SAFWAN,0.61,2025-06-30 12:52:55
PILLAI,0.62,2025-06-30 12:52:55
PILLAI,0.60,2025-06-30 12:52:58
SAFWAN,0.56,2025-06-30 12:52:58
PILLAI,0.55,2025-06-30 12:53:00
SAFWAN,0.59,2025-06-30 12:53:00
SAFWAN,0.60,2025-06-30 12:53:02
SAFWAN,0.60,2025-06-30 12:53:04
PILLAI,0.59,2025-06-30 12:53:04
SAFWAN,0.61,2025-06-30 12:53:07
PILLAI,0.57,2025-06-30 12:53:07
SAFWAN,0.60,2025-06-30 12:53:08
PILLAI,0.57,2025-06-30 12:53:09
SAFWAN,0.66,2025-06-30 12:53:12
PILLAI,0.59,2025-06-30 12:53:12
SAFWAN,0.61,2025-06-30 12:53:15
PILLAI,0.53,2025-06-30 12:53:15
SAFWAN,0.62,2025-06-30 12:53:18
PILLAI,0.59,2025-06-30 12:53:18
SAFWAN,0.61,2025-06-30 12:53:20
PILLAI,0.53,2025-06-30 12:53:20
SAFWAN,0.57,2025-06-30 12:53:23
PILLAI,0.52,2025-06-30 12:53:23
SAFWAN,0.59,2025-06-30 12:53:26
PILLAI,0.55,2025-06-30 12:53:26
SAFWAN,0.57,2025-06-30 12:53:29
Unknown,0.50,2025-06-30 12:53:29
SAFWAN,0.57,2025-06-30 12:53:32
PILLAI,0.54,2025-06-30 12:53:32
SAFWAN,0.60,2025-06-30 12:53:34
PILLAI,0.57,2025-06-30 12:53:34
PILLAI,0.52,2025-06-30 12:53:36
SAFWAN,0.61,2025-06-30 12:53:36
SAFWAN,0.60,2025-06-30 12:53:39
SAFWAN,0.56,2025-06-30 12:53:41
Unknown,0.50,2025-06-30 12:53:42
SAFWAN,0.61,2025-06-30 12:53:45
SAFWAN,0.52,2025-06-30 12:53:45
PILLAI,0.61,2025-06-30 15:08:42
PILLAI,0.59,2025-06-30 15:08:43
SAFWAN,0.56,2025-06-30 15:08:45
PILLAI,0.52,2025-06-30 15:08:47
PILLAI,0.55,2025-06-30 15:08:51
PILLAI,0.53,2025-06-30 15:08:52
PILLAI,0.54,2025-06-30 15:08:54
PILLAI,0.54,2025-06-30 15:08:55
PILLAI,0.53,2025-06-30 15:08:56
PILLAI,0.53,2025-06-30 15:08:58
PILLAI,0.53,2025-06-30 15:08:59
PILLAI,0.52,2025-06-30 15:09:01
PILLAI,0.53,2025-06-30 15:09:02
PILLAI,0.55,2025-06-30 15:09:04
PILLAI,0.56,2025-06-30 15:09:05
PILLAI,0.53,2025-06-30 15:09:06
PILLAI,0.52,2025-06-30 15:09:08
SAFWAN,0.51,2025-06-30 15:09:09
Unknown,0.49,2025-06-30 15:09:11
Unknown,0.48,2025-06-30 15:09:12
Unknown,0.48,2025-06-30 15:09:16
FAWWAZ,0.50,2025-06-30 15:09:17
FAWWAZ,0.51,2025-06-30 15:09:18
Unknown,0.47,2025-06-30 15:09:20
FAWWAZ,0.50,2025-06-30 15:09:21
Unknown,0.49,2025-06-30 15:09:23
Unknown,0.47,2025-06-30 15:09:24
Unknown,0.47,2025-06-30 15:09:31
Unknown,0.48,2025-06-30 15:09:32
PILLAI,0.54,2025-06-30 15:09:34
Unknown,0.49,2025-06-30 15:09:35
PILLAI,0.54,2025-06-30 15:10:00
PILLAI,0.56,2025-06-30 15:10:02
PILLAI,0.56,2025-06-30 15:10:04
PILLAI,0.53,2025-06-30 15:10:05
PILLAI,0.51,2025-06-30 15:10:06
Unknown,0.47,2025-06-30 15:10:12
Unknown,0.49,2025-06-30 15:10:14
Unknown,0.48,2025-06-30 15:10:15
Unknown,0.50,2025-06-30 15:10:17
PILLAI,0.56,2025-06-30 15:10:31
Unknown,0.48,2025-06-30 15:10:38
SAFWAN,0.50,2025-06-30 15:10:40
PILLAI,0.52,2025-06-30 15:10:42
